{"cameraMode":{"drawMode":0,"name":"Shaded","section":"Shading Mode"},"sceneLighting":true,"audioPlay":false,"sceneViewState":{"showFog":false,"showMaterialUpdate":false,"showSkybox":false,"showFlares":false,"showImageEffects":false,"showParticleSystems":false},"in2DMode":false,"pivot":{"x":-3.679642677307129,"y":-0.6543126106262207,"z":-2.549957752227783},"rotation":{"x":-0.15757814049720765,"y":0.7780051827430725,"z":-0.2155788540840149,"w":-0.5686852335929871},"size":13.12375545501709,"orthographic":false}